courses, instructor, price, rating, num_voters 
R Programming A-Z™: R For Data Science With Real Exercises!,Kirill Eremenko SuperDataScience Team,16.99,4.6,-36294
Data Science and Machine Learning Bootcamp with R,Jose Portilla,16.99,4.7,-12032
R Programming For Absolute Beginners,Bogdan Anastasiei,12.99,4.5,-2125
R Programming for Statistics and Data Science 2020,365 Careers 365 Simona (The 365 Team),12.99,4.6,-2549
R Programming Hands-on Specialization for Data Science (Lv1),Irfan Elahi,12.99,3.8,-521
R Programming,Sai Acuity Institute of Learning Pvt Ltd Enabling Learning Through Insight!,12.99,4.3,-195
Introduction to R Programming,R MADANA MOHANA,12.99,4.7,-67
Introduction to R Programming - A Modern Approach,Robert Jeutong,14.99,4.7,-67
RA: Data Science and Supply chain analytics.(A-Z with R),Haytham Omar,12.99,4.6,-85
R for Data Science: Learn R Programming in 2 Hours,Ajay R Warrier,12.99,4.4,-138
Graphs in R - Data Visualization with R Programming Language,R-Tutorials Training,12.99,4.0,-221
Introduction to R Programming - Must See Introduction to R,Dhruv Bais,12.99,3.6,-127
R For Beginners: Learn R Programming from Scratch,Oak Academy,12.99,4.4,-140
The Comprehensive Programming in R Course,Geoffrey Hubona Ph.D.,12.99,4.1,-216
R Programming - Data Science using R,Data Training Campus,12.99,4.1,-72
Introduction to R Programming,R MADANA MOHANA,12.99,4.7,-67
R Programming for Simulation and Monte Carlo Methods,Geoffrey Hubona Ph.D.,12.99,4.3,-303
R Programming: R Programming for Beginners,Prashanth Chidambaram,12.99,4.6,-8
Practical Foundations of R Programming,Geoffrey Hubona Ph.D.,12.99,4.5,-55
R programming for (social) scientists,Tomislav Pavlović,12.99,4.0,-8
Mastering in Visualization with R programming,Elementary Learners,12.99,3.8,-16
Basics of R Programming Language for Buddies,Prof. M. NAGABHUSHANA RAO  Team K L UNIVERSITY - INDIA,12.99,3.7,-68
R Programming Bible : Everything To Be A R-Programmer,Sachin Kafle,12.99,3.1,-9
Mastering R Programming,Packt Publishing,12.99,3.6,-27
From Zero to R Hero - learning R programming by doing,David Keellings,12.99,0.0,0
Introduction to R Programming - A Modern Approach,Robert Jeutong,14.99,4.7,-67
R Programming from Scratch for Data Science - Step by step,Happy Learning,12.99,4.2,-48
R Programming Easy As ABC: For The Beginner Data Scientist,Bayti Data,12.99,4.6,-3
R Programming Language,DATAhill Solutions Srinivas Reddy,12.99,3.8,-49
Introduction to R Programming,R MADANA MOHANA,12.99,4.7,-67
Introduction to R Programming - A Modern Approach,Robert Jeutong,14.99,4.7,-67
RA: Data Science and Supply chain analytics.(A-Z with R),Haytham Omar,12.99,4.6,-85
Learning Path: R Programming,Packt Publishing,12.99,4.0,-14
R programming from Scratch & Practice Case Studies workout,Gopal Prasad Malakar,12.99,3.8,-61
R Programming for Data Analysis & Data Visualization,Arpan Gupta,13.99,3.7,-33
Learn R Programming and Data Fundamentals Through Exercises,Dhruv Bais,12.99,3.6,-27
Plotly in R Programming,Mahesh Babu,12.99,4.5,-4
Efficient R Programming with the Tidyverse,Adam Hayward,12.99,4.4,-17
R Programming for beginners,Mahesh Babu,12.99,4.0,-3
R Programming Certification Training: 2020 Edition,Uplatz Training,12.99,4.3,-79
Programming With R. Learn How To Program In R - Beginners,Infinite Skills,12.99,3.5,-45
R Programming for Beginners: Hands on Tutorial,Syed Mohiuddin,12.99,4.7,-17
Learning R Programming for Data Science,Mohammed Barakat,12.99,4.2,-9
Artificial Intelligence Bootcamp in R Programming,Minerva Singh SuperDataScience Team,16.99,3.7,-41
R: Programming and Data Science,Packt Publishing,12.99,4.7,-3
Learn R Programming from Scratch,Sunil Kumar Gupta,12.99,3.4,-30
Learn R programming,Packt Publishing,12.99,3.0,-2
R Programming for Data Science for Absolute Beginners [2020],Piyush S | insightEdge100.com,12.99,4.5,-5
Statistics with R - Beginner Level,Bogdan Anastasiei,12.99,4.2,-1241
R: Learn to Program in R & Use R for Effective Data Analysis,ATI - Analytics Training Institute,12.99,3.5,-43
Introduction to R programming & RStudio for beginners,JP COURSES,12.99,4.6,-3
R Programming - Master course,Sudhanshu Saxena,12.99,4.0,-1
Introduction to R Programming,R MADANA MOHANA,12.99,4.7,-67
Introduction to R Programming - A Modern Approach,Robert Jeutong,14.99,4.7,-67
RA: Data Science and Supply chain analytics.(A-Z with R),Haytham Omar,12.99,4.6,-85
Statistics for Data Analysis Using R,Sandeep Kumar ­,12.99,4.4,-1249
Learn R By Intensive Practice,Selva Prabhakaran,16.99,4.2,-313
Programming Statistical Applications in R,Geoffrey Hubona Ph.D.,12.99,4.3,-50
R Programming by OrangeTree Global,OrangeTree Global,12.99,0.0,0
R Programming: R for Data Science and Data Analytics A-Z™,Teach Premium Apex Education,12.99,3.8,-30
R Programming Interview Questions & Answers,Handson ™,12.99,0.0,0
Data Science: R Programming for Beginners,Vijay Gadhave,16.99,0.0,0
Learn programming in R,The Global Training Hub,12.99,0.0,0
Learn to Code in R - R Language for Absolute Beginners,Ivo Bernardo,12.99,5.0,-3
Learning Path: R: Reward-Based Learning with R,Packt Publishing,12.99,4.6,-5
How to Visualize Data with R,Elisabeth Robson,12.99,4.8,-7
Effective Programming with R and Anaconda for Data Science,Fru Kingsly,12.99,0.0,0
Data Visualization with R and ggplot2,Marko Intihar,16.99,4.2,-39
R Programming:For Data Science With Real Exercises,Zulqarnain Hayat,12.99,3.5,-34
R for Beginners,Marko Intihar,12.99,4.2,-85
Image Processing in R Programming (magick and magickGUI),Mahesh Babu,12.99,2.5,-1
An Introduction to Data Visualization in R using ggplot,Sophia Banton,12.99,3.6,-38
Learn Advance Data Visualization with R,Easylearning guru,12.99,3.4,-12
Learn Basic Data Visualization with R,Easylearning guru,12.99,3.3,-6
The Complete R Programming for Data Science - 7 courses in 1,Numyard Data Science Team Selva Prabhakaran Codestars by Rob Percival,12.99,4.9,-33
Introduction to R Programming,R MADANA MOHANA,12.99,4.7,-67
Introduction to R Programming - A Modern Approach,Robert Jeutong,14.99,4.7,-67
RA: Data Science and Supply chain analytics.(A-Z with R),Haytham Omar,12.99,4.6,-85
Statistics with R - Advanced Level,Bogdan Anastasiei,12.99,4.4,-134
Statistics with R - Intermediate Level,Bogdan Anastasiei,13.99,4.2,-259
Cradle to Grave R - Absolute Beginners Guide,Mark Gingrass,12.99,0.0,0
Machine Learning using R and Python,DATAhill Solutions Srinivas Reddy,12.99,4.3,-7
Beginner to Advanced Guide on Machine Learning with R Tool,Elementary Learners,12.99,2.7,-24
Learn Basics Of Machine Learning With R,Marufa Yasmin,12.99,3.1,-137
Predictive Analytics With R,Easylearning guru,12.99,3.6,-56
Cluster Analysis- Theory & workout using SAS and R,Gopal Prasad Malakar,12.99,3.6,-252
The Data Science Course 2020 Q3 Updated: Bootcamp Part 4,Sai Acuity Institute of Learning Pvt Ltd Enabling Learning Through Insight!,12.99,4.1,-104
So You Need to Learn R,Jasper McChesney,12.99,0.0,0